x,y,y_hat,error,squared error,mSE,mAE
14,2,3.4048999999999996,-1.4048999999999996,1.9737440099999988,1.9737440099999988,1.4048999999999996
16,5,3.8924999999999996,1.1075000000000004,1.226556250000001,1.6001501299999998,1.2562
27,7,6.574299999999999,0.42570000000000086,0.18122049000000073,1.1271735833333334,0.9793666666666669
42,9,10.2313,-1.2312999999999992,1.516099689999998,1.2244051099999995,1.0423499999999999
39,10,9.4999,0.5000999999999998,0.25010000999999976,1.0295440899999995,0.9338999999999998
50,13,12.1817,0.8183000000000007,0.6696148900000012,0.9695558899999998,0.9146333333333333
83,20,20.2271,-0.22710000000000008,0.051574410000000036,0.8384156785714284,0.8164142857142858
